36, RPR_Entity/src/main/java/org/nato/ivct/rpr/entity/RPR_Entity_TestSuite.java
209, RPR_Entity/src/main/java/org/nato/ivct/rpr/entity/TC_IR_RPR2_0008.java
188, RPR_Entity/src/main/java/org/nato/ivct/rpr/entity/TC_IR_RPR2_0009.java
263, RPR_Entity/src/main/java/org/nato/ivct/rpr/entity/TC_IR_RPR2_0010.java
315, RPR_Entity/src/main/java/org/nato/ivct/rpr/entity/TC_IR_RPR2_0011.java
444, RPR_Entity/src/main/java/org/nato/ivct/rpr/entity/TC_IR_RPR2_0012.java
452, RPR_Entity/src/main/java/org/nato/ivct/rpr/entity/TC_IR_RPR2_0013.java
220, RPR_Entity/src/main/java/org/nato/ivct/rpr/entity/TC_IR_RPR2_0014.java
272, RPR_Entity/src/main/java/org/nato/ivct/rpr/entity/TC_IR_RPR2_0015.java
186, RPR_Entity/src/main/java/org/nato/ivct/rpr/entity/TC_IR_RPR2_0016.java
25, RPR_Entity/src/test/java/org/nato/ivct/rpr/entity/RPR_Entity_TestSuiteTest.java
63, RPR_Entity/src/test/java/org/nato/ivct/rpr/entity/TC_IR_RPR2_0008Test.java
29, RPR_Entity/src/test/java/org/nato/ivct/rpr/entity/TC_IR_RPR2_0009Test.java
25, RPR_Entity/src/test/java/org/nato/ivct/rpr/entity/TC_IR_RPR2_0010Test.java
61, RPR_Entity/src/test/java/org/nato/ivct/rpr/entity/TC_IR_RPR2_0011Test.java
31, RPR_Entity/src/test/java/org/nato/ivct/rpr/entity/TC_IR_RPR2_0012Test.java
30, RPR_Entity/src/test/java/org/nato/ivct/rpr/entity/TC_IR_RPR2_0013Test.java
24, RPR_Entity/src/test/java/org/nato/ivct/rpr/entity/TC_IR_RPR2_0014Test.java
24, RPR_Entity/src/test/java/org/nato/ivct/rpr/entity/TC_IR_RPR2_0015Test.java
24, RPR_Entity/src/test/java/org/nato/ivct/rpr/entity/TC_IR_RPR2_0016Test.java
36, RPR_Physical/src/main/java/org/nato/ivct/rpr/physical/RPR_Physical_TestSuite.java
496, RPR_Physical/src/main/java/org/nato/ivct/rpr/physical/TC_IR_RPR2_PHY_0001.java
376, RPR_Physical/src/main/java/org/nato/ivct/rpr/physical/TC_IR_RPR2_PHY_0003.java
477, RPR_Physical/src/main/java/org/nato/ivct/rpr/physical/TC_IR_RPR2_PHY_0004.java
28, RPR_Physical/src/test/java/org/nato/ivct/rpr/physical/RPR_Physical_TestSuiteTest.java
29, RPR_Physical/src/test/java/org/nato/ivct/rpr/physical/TC_IR_RPR2_PHY_0001Test.java
29, RPR_Physical/src/test/java/org/nato/ivct/rpr/physical/TC_IR_RPR2_PHY_0003Test.java
29, RPR_Physical/src/test/java/org/nato/ivct/rpr/physical/TC_IR_RPR2_PHY_0004Test.java
37, RPR_Warfare/src/main/java/org/nato/ivct/rpr/warfare/RPR_Warfare_TestSuite.java
238, RPR_Warfare/src/main/java/org/nato/ivct/rpr/warfare/TC_IR_RPR2_0017.java
362, RPR_Warfare/src/main/java/org/nato/ivct/rpr/warfare/TC_IR_RPR2_0018.java
79, RPR_Warfare/src/test/java/org/nato/ivct/rpr/warfare/TC_IR_RPR2_0017Test.java
41, RPR_Warfare/src/test/java/org/nato/ivct/rpr/warfare/TC_IR_RPR2_0018Test.java